[{"product_id":"ccc51d43-4dd1-43bc-a732-34c33871bec0","product_name":"shirt","product_price":"900","product_desc":"a white colour shirt"},{"product_id":"e50e6075-6f91-4d67-a25f-63df049ed210","product_name":"shirt","product_price":"900","product_desc":"a white colour shirt"},{"product_id":"a0a166fc-4841-4034-a0a4-c3785a215d32","product_name":"shirt","product_price":"900","product_desc":"a white colour shirt"},{"product_id":"27744e2c-de5d-4474-9d92-b25c7d092b94","product_name":"shirt","product_price":"900","product_desc":"a white colour shirt"},{"product_id":"47011db0-60f1-4922-8deb-dac3a15d6e17","product_name":"shirt","product_price":3000,"product_desc":"white shirt"},{"product_id":"ce191270-a1f2-406b-b964-982284d260d8","product_name":"shirt","product_price":3000,"product_desc":"white shirt"},{"product_id":"946f7fe6-ccf5-4263-a548-63e956a919e2","product_name":"shirt","product_price":3000,"product_desc":"white shirt"},{"product_id":"57c94798-dcb3-4946-858a-b45b38665f5c","product_name":"jeans","product_price":3000,"product_desc":"white shirt"}]